<?xml version="1.0" encoding="UTF-8"?><?xml-stylesheet type='text/xsl' href='_UpgradeReport_Files/UpgradeReport.xslt'?><UpgradeLog>
<Properties><Property Name="Solution" Value="IniFile">
</Property><Property Name="Solution File" Value="C:\temp\Programming\EntombedEdit-VB.net\EntombedEdit\IniFile\IniFile.sln">
</Property><Property Name="Date" Value="Friday, August 07, 2015">
</Property><Property Name="Time" Value="11:23:14 AM">
</Property></Properties><Event ErrorLevel="0" Project="IniFile" Source="IniFile.vbproj" Description="Project converted successfully">
</Event><Event ErrorLevel="3" Project="IniFile" Source="IniFile.vbproj" Description="Converted">
</Event><Event ErrorLevel="0" Project="IniFile" Source="IniFile.vbproj" Description="Scan complete: Upgrade not required for project files.">
</Event></UpgradeLog>